Interest Rates,Employment,S&P 500 Price
2.34901424590337,61.99677718293001,2320.0655792756565
2.158520709648645,59.62316841456384,2354.233394772428
2.394306561430208,55.29815184960087,2167.57506067749
2.6569089569224076,51.76531611147213,2105.9738257271774
2.1297539875829994,58.49111656806795,2160.9977665285305
2.129758912915246,56.96742692710875,2341.2140723421817
2.6737638446522176,59.47596610013866,2288.575292841163
2.430230418745873,58.175859008409844,2217.273754249497
2.0591576842195147,60.247763576596675,2462.0061857422465
2.3627680130757898,52.32382394219716,2285.8182906452307
2.0609746921562615,61.58697032817163,2261.837216303096
2.0602810739289232,55.987998023462,2234.44532152328
2.27258868146981,65.37630436312632,2389.7235500633255
1.6260159266026608,51.55406090955216,2193.1885190897574
1.6825246502460902,63.67981901582625,2604.165166972786
2.0313137412277085,55.98955391731324,2295.7114032848285
1.896150663899673,51.74290998192776,2223.984115922543
2.2942741997785823,52.580570829728394,2007.0840501871048
1.927592777343637,53.3982634590284,2342.3681555999447
1.7763088895994128,57.12082973200958,2252.0444217149325
2.639694630676466,57.6141774401775,2262.322617228713
2.1322671098540393,52.131499980307105,2250.527626923855
2.2202584614063774,54.87822703869509,2400.59163114681
1.7725755441359632,65.71135179305932,2417.4586643288803
2.0366851826424455,63.637715850503554,2165.3003240316216
2.23327677691296,57.18161834837016,2327.0258049058284
1.8547019267733094,55.190017390841,2505.646176951909
2.3127094055037016,55.600156633591304,2388.991357140215
2.0198083930243587,58.06758986365208,2379.3464798468503
2.112491875062017,49.886037174007974,2131.683343657652
2.0194880163311812,53.71311731288328,2352.0514034717194
2.755683455352681,46.65707963061205,1922.4344543388918
2.19595083257862,56.9961156130264,2358.165464309357
1.8826867213132301,58.2359796985137,2432.8636016899522
2.446763473630957,52.58406768850313,2290.687823475307
1.8337469050086934,62.869933816450164,2758.302644468807
2.262659078501427,48.8711716849883,2177.266168642429
1.6120989628360676,47.6781255989509,2160.851304982858
1.801544185330471,56.12225909279986,2349.6561228372275
2.2590583707607372,60.23549151306077,2188.9434841581933
2.421539973998623,63.419638457289345,2335.6904599370873
2.2514104843569913,52.7055786856553,2175.471757248247
2.165305515283528,60.393404167156476,2330.663416257141
2.1096688913232136,54.80745765249647,2294.934306554819
1.756443402889772,54.1368635002959,2237.0287663342324
1.9840467374815876,59.41829968743336,2502.862049858876
2.061808368712064,58.261614392067095,2355.981739026352
2.517136667865675,47.11803921507875,2063.8602520078625
2.303085486870539,62.38270174862948,2369.401740290717
1.67108795339118,61.90045677073726,2502.865010791966
2.2972251908184385,51.87218649245235,2275.369777693045
2.084475315875105,56.979017667187044,2240.1960343913856
1.9969233999082125,57.47015093141369,2284.0528597345165
2.3835028866522605,56.303368829119535,2238.169340706885
2.5092998567487856,52.2484742307729,2033.9874137558188
2.4793840357348595,51.641883160309746,2079.0042718738164
1.9482347430332085,54.87222964504277,2257.5872940914082
2.107236287244636,60.86364509629682,2488.626376910514
2.299379029421069,57.71800077297216,2335.709293946475
2.492663538136708,53.14692833956947,2208.398027207638
2.0562477286464134,58.85849355324172,2453.8225079846698
2.144302307000855,40.75728689684962,1979.7632130469244
1.8680995077981917,60.74382850186052,2473.708128860371
1.841138012775799,46.301431106109504,2139.5357449125704
2.4437577467182594,53.18779529298434,2223.728478791911
2.606872008571247,49.40165052686928,2038.72634349054
2.1783969635259,48.52659262139547,1899.890592071382
2.5010598693676074,60.8041339368926,2327.4957821140806
2.3084908075142905,52.661493993440544,2349.231072351661
2.0064640736184627,56.73251940865358,2426.302317354461
2.3084186816525243,54.76539710560408,2345.58488832332
2.6614109699397908,57.385204136115604,2372.1055094119647
2.1892521882670146,55.38410945530128,2288.160119962117
2.669393096744202,48.58503887905715,2091.023383810072
1.414076468773077,59.9813340972357,2425.7500220853176
2.446570751312567,52.531217084193436,2152.0314433842786
2.2261141204714514,47.21709050670125,2172.001807040421
2.11029779486024,52.85942419517044,2361.0322583912543
2.2275282329606507,62.503798953171554,2402.0021165512335
1.6037293256197325,59.251108710567465,2399.443848883248
2.1340984336487465,53.2567393279607,2245.0728173975617
2.307133771453524,53.25371147840786,2279.12483874304
2.643368213422455,53.391824743913084,2026.9457812515395
2.044518934517906,65.3837399178042,2271.3788628646744
1.9574519191320439,56.90967726115777,2289.5220724041906
2.0494728869246392,57.15020823595535,2213.5119890889955
2.4746206353106226,60.151417270159214,2281.0212303418593
2.2986253328979056,56.19394579513257,2264.3070840862183
2.0410719388698886,53.704789270896484,2222.610153685145
2.353980229934007,54.01825075457511,2372.5147340484755
2.229123264804412,54.64199370292968,2291.145860798164
2.490593497159867,54.813888817450795,2252.7361877361186
1.9893840718367946,58.6381477181849,2436.5760579925186
2.1017013560206697,55.2597294290365,2176.0560733995526
2.082367554060353,58.6632003860779,2464.820053354532
1.7609455155603646,54.596417099457085,2320.210086001541
2.288836083119373,55.39317595158045,2331.5861682878244
2.278316581653967,45.00899657733946,1951.2467209946785
2.2015340369927383,59.581638373512405,2206.026785319731
2.129623859987456,56.73244237948996,2396.994234394184
1.775388777384876,59.99005054929826,2471.1336469879857
2.0738064031703924,40.518723109031555,1909.098346269321
2.0971856450419692,65.44187352390364,2407.293315594308
1.9593168192335146,54.30205185922413,2404.6869927409325
2.1516142865001973,60.54091408368758,2269.134949411989
2.321215257044362,49.800470364372345,2312.0944140563893
2.765855770363159,58.063869525312846,2156.336951486996
2.252373343849552,49.732922184131716,2220.64163466604
2.2772651172168294,51.88115519652097,2163.1714887729963
2.17766622527015,64.57015676933393,2525.0719447043903
1.6243686354102878,54.04658799618327,2282.865064400703
2.192045837365235,56.087164365898616,2276.6571211059577
2.218069062982308,59.35033865344377,2358.388331161101
2.938972633745586,57.47840943986302,2108.5035481572754
2.1422917105656634,55.75209452571788,2367.780568471521
2.290464202700084,56.824805012331126,2241.6051131944514
2.189586469088427,67.01707792619138,2489.043596626562
1.8493965887141406,54.711906014832074,2217.393694528669
2.5428468443545063,56.005495233574834,1982.44951213879
2.425579909806032,60.25327198003806,2322.1256768698395
2.4373095841129144,60.52762966478992,2586.217697840153
1.9271837635615785,60.9351515278019,2508.0858948116033
2.62083829328083,58.19365111014592,2268.8212402373542
1.779444681162316,49.28497543634758,2192.4937236317774
2.376057128140081,63.16715766150548,2409.181173290302
2.857136687742994,49.26827303490656,2111.506869054203
1.9028391024607938,56.51317732619517,2226.7563996239
2.0301106811191687,51.22862074990321,2331.487982297076
2.2298954095262924,54.67930826703504,2330.6399854558817
2.0489573037651403,56.6438120515174,2397.3512180363705
1.7348009706801604,56.606786077251364,2415.763149823976
2.2205688924418086,57.109603771176424,2311.068407326656
1.8813088858821687,63.06855634529323,2546.4609176202216
2.342077729190555,57.2676715075699,2353.223184146953
1.9241727297298592,53.779216823546754,2251.5543559173543
2.664980321505262,59.820435841441785,2239.3014913133566
1.9650240122991292,60.947352444623206,2434.3790765737936
2.1033815451382973,48.861960924315035,2316.634001865075
2.444055165210901,57.98700034924929,2169.221024637961
1.8307407050698137,58.50586371155449,2248.753641895374
2.268237980381239,53.51218248320004,2246.484036730467
2.5921428262847286,61.878534066558096,2353.838027574054
1.717755029631632,54.249722064837364,2344.665353289043
2.2553901575596913,55.62788226735771,2298.64444150405
2.2779648382745274,54.134640878580655,2218.677866366953
2.4345468615331933,55.077895237907335,2385.362219388376
1.8289147867365756,49.51862456552399,2055.944875452342
1.8038630160747173,47.799745587028525,2102.5657568513384
2.3565824696850695,62.97252531612486,2395.637659854832
2.289095401969956,50.76519325840836,2007.620673757257
2.275147855103763,50.04303825271846,2142.0031463455975
2.3039344628490928,44.23304943198143,2205.2178357850667
1.995992583526453,51.80519126155249,2238.793586531678
2.269676109148301,48.384551032962506,2150.309694858873
2.2879217419896047,63.21007580068185,2294.996778197938
1.9856945745920898,60.04908544671317,2341.491381941502
2.759732353343427,51.55924827411138,2079.70547444832
2.3421498762735364,66.26217902672154,2442.149589417777
1.8426089508392056,59.90882743495797,2549.9495855736554
2.396966082590149,53.37584308245689,2263.741055333128
1.9075954989318038,42.50297142563213,1952.7743079791687
2.4361253811227357,66.45471286295371,2488.3259279338645
2.5475786737022212,48.05213766618202,2128.728127117986
1.9537953044944871,46.77300626521554,2256.4057334822646
2.489012838773297,60.1128521600482,2486.9591860418072
2.3238342780809496,67.19876203169636,2393.8906797389977
2.446618047998347,61.921364092552594,2290.3488235302657
2.7690378947961842,57.8195456002618,2115.277441894347
2.126383565199139,57.97377170832643,2317.1159134759596
1.9738791506927533,59.267077793901535,2435.8955207187514
1.9331456711123431,58.79464294893383,2484.6544599707354
1.9552569145103686,56.40595711984688,2327.23550285613
2.176869487175769,55.52100551975938,2251.9049349933375
2.3023455924449934,54.68703436050239,2263.564647568173
2.283007239799006,51.230177055666616,2098.6381649804794
2.4481549747108073,53.59662461566613,2413.6631182761785
2.2039005675633723,46.535215929023074,1939.3531307341498
2.6360602231471955,54.50830186602625,2213.231061738018
2.1206029500286134,50.057044464245415,2385.411068703581
3.016050749976886,49.48205341392114,2037.9134402378895
2.387700204329502,55.89947075576739,2240.8304809657725
1.9428527330751155,61.960011431723,2412.02777639215
1.8787322505816664,59.59158303001156,2391.9826548367405
2.344741724572956,47.14749698188412,2228.523528419392
2.132961164402245,50.05185931714831,1959.9068205496792
2.4142001482276276,59.70385593994108,2485.29046669431
2.3419712873720635,50.08756303230845,2008.0598522953453
2.178151326202938,53.87683425001488,2224.148753146415
1.9459618845794786,57.75026049512276,2320.1864851856676
1.7455458325942408,50.15827772568183,2300.189006601572
2.0660455143798937,55.5268775307298,2140.818288269237
2.456919638297042,48.32987252540898,2144.2767713718176
2.2642281232390613,51.99316178024393,2402.6599794477047
1.8262783663864037,56.598909670712686,2221.719037997012
2.2519542777553547,47.03503133234165,2121.8781017445694
2.3155952139186513,57.202373689801995,2230.5099739285815
1.9348427691396604,54.901811005366596,2350.398525355687
2.2461175317836584,57.76244977208574,2320.246143415741
2.2174626155338,56.119570670323306,2225.6233301719653
1.8571089106508132,61.82070214986922,2506.63493488687
2.307336208104485,55.62612251323954,2446.856830027792
2.3682353579104705,52.852972294373735,2182.733763028174
2.5249153729525835,55.61148751516142,2305.4682385751594
2.516140615610471,57.716490145181936,2147.5814147749516
1.786699189612873,55.244300351628524,2241.2374909088385
1.9186524880254634,55.20295845601941,2363.5019237046063
2.3545105801625983,51.490041560966226,2325.0358470485307
2.354135785273663,51.68549541224526,2216.1508753324215
2.3545143058918145,47.98697364100153,2075.2565238839434
3.3558194471964162,63.7478837159347,2271.5138977815673
2.3712671532079503,48.780683823043574,1994.882830082707
2.54066969205418,51.53547401102046,2210.060559047819
2.4862005290479607,51.40796367215401,2243.462500318227
2.3954173753917396,59.474621884722204,2284.970798102375
2.1054192266078964,53.52525160853986,2207.6879334036626
2.4276907661479803,61.23871036336867,2387.2084153103815
1.9681524356387285,51.63254687878066,2193.7560986257445
2.1289544179779973,56.39497081111901,2301.9429920630987
2.054390935651269,50.823264733701215,2418.2788332429855
2.224562241815897,65.72574563886694,2456.1280064303546
2.8943975700020528,49.062007904852436,2011.2465073946184
1.6398204422224758,56.54910355113514,2320.2548241258155
2.4058780571123544,58.168884404660496,2376.9151766763503
1.7161852386431047,57.06899548725749,2365.8297066268738
2.0584204402631703,54.07356170561146,2207.770864240611
2.52668517909021,54.35089650133287,2340.145556390427
2.219284005728639,55.21905735989555,2413.448846789979
1.8766765666212084,54.264989991857554,2243.755958270099
1.9854088872220097,59.81939558397455,2211.922583460128
2.403879324680403,66.05261500795676,2561.2217704407676
1.9808900104848592,52.21254107496083,2178.6543373504874
2.2649375768745927,48.15098510210461,2202.34162542718
2.2136715519711445,54.55858975824373,2062.1106805980194
2.0045198957182553,67.8985466882716,2646.552683237625
2.843183226797598,50.98162716015135,1972.0378662553094
2.3901757066954037,63.195584027220335,2478.4617364467485
1.5924572240027182,63.388504070382204,2530.32880459088
2.2559362944308283,52.23205879146003,2110.8567897249122
2.001464060569484,57.84491539592638,2315.9750675404266
2.4557300004388676,63.14198311564269,2463.1120079426937
1.96224377847019,53.10436129506257,2278.3401044422462
2.1655790675599307,53.98209819948819,2313.2464019030226
2.3514961836941373,52.09159543025678,2386.7515395025634
2.4597265582510364,49.92621634653567,1973.1411820219525
1.8399110778832672,51.75361227466996,2420.8068413077717
2.0996496292477156,48.880298666188715,2173.0941226889386
2.0575164066517133,55.17041734129613,2204.9024809958523
2.0040012302278867,51.150133844706794,2089.371129786054
2.7296362720843295,56.168929558953735,2195.021111288722
2.321494513288287,47.22052176898186,2188.3512695788404
1.8217348136994866,56.654401161072286,2347.0728891287695
2.475358584116433,59.16764480804462,2463.1646015681627
2.83664685910379,45.03132178714272,1830.01183787213
2.509739578165344,56.87028284923786,2259.73582547535
1.7441890102137962,61.13834496236646,2335.899203273948
2.054729778140125,48.951794906543974,2207.189619672358
2.580073344755987,63.362861934188516,2468.934975980102
1.9876991603143659,57.095095046830224,2301.6708475213445
2.3331458284438686,51.47494072120796,1919.1055544948654
2.4323902160288013,54.72115461171147,2249.4593745095585
1.9219208585265752,57.791634562608614,2411.218417646537
2.18214239318146,55.38002695706206,2320.7086556601917
1.2276197979792784,57.693779962231844,2593.3108487299605
1.8926837075997132,50.39663203460317,2116.9247165872016
2.124229554582052,55.84680412018039,2366.3232597613446
1.8256650454105454,47.9314275154751,2304.0295447457174
2.689723391179491,54.443869693256495,2007.5601267875547
1.7709575866118104,50.48046179267605,2275.9307804536475
2.067986653990905,51.322350287051165,2165.8310245416205
2.2392221731858277,61.18046587605219,2379.573724233005
2.632381986719835,60.45655060297135,2349.0413624052853
1.7692413546461685,58.045690604535885,2346.8047524824374
2.5489491256464882,49.538436176637106,2040.8555467696076
2.2030699183058764,53.41795775152599,2241.313909033441
1.905547404685615,61.06548849989592,2326.753065408796
2.3386310422789816,55.70858456819953,2154.7945221336245
2.2597179086720414,66.59664769990847,2560.912595993014
2.0199349368523616,56.96658919697186,2221.4621398957174
2.220940625497006,55.960245582450156,2352.695067915374
2.0844059209414723,53.4544176789875,2302.6865947239244
2.2340552035753745,55.66770452391141,2105.6651370628624
2.398639202356314,54.23765081809728,2157.2006707749333
2.6758050448436057,58.54054338344295,2388.8510512470552
1.8286553503519456,59.783511583972924,2323.2553760126984
2.83991001239688,51.070052697460255,2048.9741258587346
1.6143736601432497,48.343835232211106,2270.9267449479244
2.1544644714893253,45.818973134483514,2171.548842894531
2.376495161945373,57.53995663456272,2269.1709697949987
2.28429756032051,49.483166969130636,2087.267685865372
2.013190144053822,44.23554703523759,2224.9694052665295
2.1375633248928176,56.94289302265482,2492.113328098932
2.0520997196023503,67.46499758716395,2639.370798881106
2.0231905729167368,54.96964544230053,2304.4461371650027
2.4548806291063077,59.19245387225821,2234.7904109151254
2.3071046457895146,55.40914679273782,2179.072798330673
1.992127121421804,54.50555173404429,2343.5433769941906
2.4698799626299754,59.59538241493884,2363.265475993149
2.2921898562629828,53.548627279056745,2367.3039264363306
2.4438586356516883,56.33696157035951,2325.205445313051
2.388888652577084,56.60848903098007,2123.528452557057
1.9513014967233784,51.659547731784755,2345.69049189948
2.0319456879409095,59.960211747682614,2294.6063190310747
2.4241880815369785,54.12520121652296,2180.4786849046777
2.3831110796300394,51.221274202535774,2191.978842731379
2.1937295218107558,57.68254921785202,2524.1583050638233
2.235198214992635,50.50766009104481,2485.8653251725373
2.5832994687365276,55.14090578684564,2275.9955013400518
2.022528583349251,54.954405016778985,2277.389150961153
2.3641292143510118,60.42947782915789,2407.420739278561
2.139342204269832,57.373491164399766,2415.334035234904
2.134695639031834,54.87486520627428,2245.2261957149913
2.529633055596157,59.08883149600143,2481.8528071718374
2.447624904696409,61.951037745086566,2394.88409511641
2.444052890800192,57.78905153175931,2338.947405924297
2.5916436421462987,55.051763099216906,2278.881140867839
2.2063011524898277,48.4408188382492,2180.029864952955
2.404585891388489,49.67443168462314,2216.694800031151
2.1069199730219634,53.473876478226664,2191.714214956546
2.2972499057465328,51.952438989203586,2138.6311185274885
2.160957083689695,54.06514348507277,2147.1438838508316
2.2290987894978156,55.283249624485535,2315.250297127061
2.3785471076310745,57.64846377178365,2374.080859642223
1.9545337950299584,54.647506109704544,2345.5473395547856
2.8277161827056383,57.43250821913101,2391.9419803115284
1.8981947855500896,55.3223720740506,2321.158621765594
1.8357434161636805,45.12266716823064,2193.965996499312
2.5474332620500206,50.30332303090623,2014.78138369669
2.437498808188881,54.27956222139192,2181.256452952066
2.3872359451156466,48.951526285794465,2190.49890970512
2.388503652779284,57.999643649981024,2386.627536157042
2.196325968145926,62.65375416171849,2394.2294932460627
1.9308236885542507,61.09380925848659,2425.092706700788
2.2227413674581182,53.93278564534896,2093.4571331201805
1.9968514865463667,62.45363068424976,2413.8419706223794
2.4925359200253254,55.74333728601056,2330.0246740683906
2.1558827855493585,53.31457014440981,2300.4294866664486
1.9523508409622468,51.9329866822953,2295.87367963969
2.1035842475041022,53.48765156755936,2259.1927629436677
2.3238794362826876,53.05911590729386,2213.3067185662917
2.0308826341588078,55.85208111187744,2246.377113166383
1.9533338813300707,55.802869905249324,2392.9401579257296
2.273106163447574,55.01523010076707,2301.4359719371446
2.273489971332617,57.18469084873175,2351.8722060740224
2.0479170473886614,60.95323137393171,2359.2735861035767
2.0586885083145035,59.74777067720662,2170.817845309832
2.269614981207291,47.575510157750486,2220.7832271492857
1.7655746975508029,42.230394325490224,2031.8879362763432
1.7777608676870336,59.67159955619637,2340.49028456656
1.9844667336242694,48.165606507922895,2234.9900113062167
2.135965854486446,53.87617299053658,2217.927317645852
2.2932722696794015,49.1494348697032,2244.991495346816
2.6426068650848658,45.990097812099904,2085.111521436938
2.457297886960606,57.70731364102394,2353.9085220964357
2.152018441010972,58.79577580151324,2216.5171787585655
2.1942951376291937,52.1174479963664,2334.399087821589
1.8992411906086575,42.04478853927545,2082.1346453175956
2.194446059202283,52.268777758737585,2179.2809323697893
2.113402408323959,56.959020027012734,2336.508886025886
2.296815568101427,47.60544215612936,1929.9629846175412
1.9518307169343032,55.91679959889578,2366.426665585837
2.3558039542723517,54.923450754135025,2142.1612711236407
2.6598216739007734,57.89645749800544,2123.6888702906394
2.1673719554629427,55.59790184207077,2134.6163249001847
2.3205135166296826,50.134655295592225,2265.884915916384
2.407043197513334,60.982857508322454,2295.6743311701703
2.0796338584342493,54.20735213486515,2425.574734923815
2.267227744543125,54.86347730245034,2203.605238062308
2.2037777202345388,50.33366020463402,2005.370750298205
2.2293028295646495,52.78358874404245,2109.6239064512856
1.9680970648433602,50.575986429865495,2339.8863308715
2.207353052277683,54.135269700382885,2236.0126183723382
2.3493994873736352,63.558542400711715,2363.9321952591285
2.6353430823385127,48.140494285343216,2083.510245941366
2.4877812478255623,46.932193010616295,2115.654946655246
2.845954737253467,62.35585163746804,2431.963703751587
1.9697957311335854,53.95338161424067,2428.4481956040686
2.4616961910162036,51.65463630670042,2127.861432902669
2.2550026017215057,60.199523436980385,2233.135309873178
2.8569408799653018,51.97192230131568,2069.5507979191907
1.9575105143934548,64.13004856773468,2515.002444853964
1.9480834473457673,58.38962935669635,2279.2041774110003
2.0201822063667936,52.560442959271484,2152.466436740907
1.5628312827070583,65.78654106632752,2615.68491707548
2.042273493495772,51.971425384983306,2228.2222485182556
1.9722602015338908,58.71047686004653,2381.6502065120058
2.2451181359428625,56.49646290203246,2217.3120041792126
2.302526792733148,61.50870644699399,2361.7550386093308
2.762851251764766,62.807555983634266,2249.3001174811398
2.4851271514558153,55.160020745328836,2319.4511833006836
2.0269289033012794,51.23291064826908,2324.143810942565
1.9304755985954927,57.29986071469558,2171.807088280778
2.3475757514519517,51.61142315123947,2087.141014287756
1.8039300378938075,65.06693623763312,2381.0962935595835
2.749437629756306,55.68267665541369,2136.235495204138
2.553832036216386,53.17339224343946,2172.049242457295
2.0592473043685886,55.92340152932454,2164.6164129613494
1.6860596412727369,48.26436855235152,2120.1924435435885
2.606161712249624,50.14192980744674,2011.5186021033414
2.1656380464242146,61.00206953972213,2415.922416770705
2.571344893592039,51.71552860514302,2155.54327176768
1.72167170236169,49.765445086590304,2164.8843910438272
2.0201874931138684,57.68326376263643,2368.319238499588
2.201573109915455,60.928520773314986,2333.666440520255
2.214094178129423,58.594766553325336,2312.6156933144875
2.064980358556227,59.98023842902908,2557.202923827001
2.3868549797042498,51.21602455715269,2300.3383493664514
1.879713871185222,47.89094666629078,2045.9037289552725
2.157286154493612,62.506668259777435,2509.513683809424
2.23608868951357,53.38660080578932,2313.4583681379104
2.354331650217625,53.745834917724764,2106.94062194659
2.4134844634266672,61.64097070924529,2452.674509046392
1.8626073724486394,57.7811500470033,2530.0250869140255
1.7397657487793134,57.279438860408035,2272.3694342668223
2.583303046569553,65.82501172450542,2337.254495403249
2.299694203593878,51.78240884809929,2292.4601931072543
1.9754540390330342,59.63920064040619,2423.6154380357334
2.665345592656757,55.28506562448542,2261.047101115147
2.2347023902878576,56.34296139431628,2325.712790983197
2.5537891552191483,62.64234213206266,2408.848061451195
2.2202555444230327,57.53917878144812,2185.098031134399
2.8182243774645963,57.69148039524816,2335.8277219474185
2.7266022527329614,60.362536686549014,2415.2193950638134
2.1253107554562782,53.17523635228557,2221.769039320467
2.491471285286307,50.80395166330497,2138.0106454917673
2.3936127848755446,49.775954029894834,1983.3664126109927
2.6105894672597048,45.16821705311999,2063.2013965752276
1.910522961825969,65.28103564970161,2576.2480128915513
2.405815437999532,49.483958171391585,2122.5877460279708
2.5175273460548766,53.89373188207114,2312.6808717202416
1.672378154073066,53.6159335005554,2288.054223802154
1.8450224462002676,56.537033489045506,2410.4478954402302
1.58823034667197,59.078686062696484,2341.3727353839226
2.119177949666633,59.30236744179873,2365.815441298556
2.415262676738789,52.08461280715531,2161.967428842004
2.6507071156288085,54.16439143106794,2208.212553481132
2.222228434125933,56.4128997524415,2257.971037046604
2.6885846636713877,53.75654436908226,2158.6959282637704
1.7859695625355327,63.03672788009996,2575.44384036582
1.6889852681934538,57.45487475819126,2352.073281210986
2.1833356903310146,58.67438893024909,2185.329714981462
2.3152196346817924,58.31440634333706,2493.9635720850147
2.1901915755717725,60.86736928742663,2526.9640572818153
1.5797673699880372,55.90510779351853,2251.910780861603
2.1732639881461635,48.51584026022077,2213.2979875070105
1.8086591498485443,56.99843975876321,2318.372445642848
2.400901764649012,51.74321553104085,2201.0777674565716
2.3099794738290544,52.35691659125121,2230.0638236520153
1.9180360641017935,57.931820093775464,2347.490212228608
2.045839924798992,61.19141535716818,2338.5757518648747
1.8822359434333147,55.10635788368031,2250.737660926983
2.181196270818049,56.54416506299482,2212.084669089065
2.4865426961503716,63.51107472317619,2314.0578692179233
1.904282186099337,56.20376589744284,2331.7151610290207
2.3512139546553534,68.00841557090197,2435.9102193086615
2.040922714488268,57.827548228157724,2418.6177639611765
1.962138150321297,46.19618620422091,2278.3276170698164
2.1678908920136326,58.76670810552266,2292.145204171404
1.889427303274188,56.90579192441389,2378.6421930506876
2.0339052083958458,61.44876377041373,2473.8580051791914
1.8406366322233456,58.365906756349794,2438.4228673854213
2.789417539874917,54.30772008008113,2175.3372974119934
2.210579065591519,48.87850881855317,2220.251558368308
1.9900823476022245,53.95488371356987,2328.810217399129
2.2641939732202667,50.7473977289535,2051.5526163633003
2.1663015850927514,52.09738275097639,2303.918023694542
2.133709120140033,57.942892022103045,2427.5305561477303
2.384250010013028,63.34952252175703,2333.024338515328
2.4272523130141916,56.9733576491149,2279.1730895749297
2.040849655716842,49.02058468982408,2242.6171447200627
2.0272545278065963,57.2230133411007,2319.4407056930886
2.117484490854507,60.98315743322826,2509.33827981299
1.5094236505793246,51.95108547840309,2548.995411443099
1.7454426813404345,54.32991416663541,2246.1832778681446
2.6100622802333575,55.07344097364599,2071.855017122539
2.6934903140503854,51.0755084345888,2147.8684811447056
2.125289188133087,58.2414021692193,2418.1909156770375
2.37296708891673,54.39525925696109,2208.8734844172354
2.293375046363061,57.09766221953514,2443.273053768347
3.1236642425365715,50.5625391109895,1908.8405658669794
2.535872473430373,52.812708498382946,2245.165161256264
2.16162472255577,58.61190678913886,2287.408345323522
1.9133378678198725,53.13583423954117,2447.653795238572
1.7180661039227285,63.63481925616703,2714.238004851743
2.261039090760167,53.00181907192699,2144.2148590461798
1.973094776414709,56.12342362875943,2271.548542522124
1.773323887120698,59.66295415936545,2513.2192888171844
2.0060281347272424,47.90817133533484,2118.5461415186587
1.8755355989156817,46.19595594009612,2138.047657171346
2.7061424905217697,47.371718427149524,2044.051837018966
2.4644919270848353,61.31292051713591,2164.617305660227
2.197608207605015,52.240709270537764,2213.7891796605795
2.6439832416670077,67.79099642834126,2390.249664910357
2.2232104922942857,52.17876200671306,2160.781384050141
1.941614739601521,55.922756515985185,2471.576119726357
2.6569372231808974,62.71054976283938,2230.0197223517275
2.361673013105398,65.03046444079561,2527.6788555249004
1.8888261537020632,65.30751788318199,2494.9301415751493
2.1428983965749175,61.04183115296571,2371.425846723493
1.937314523984573,60.12031262905731,2490.8462635886312
1.7851600807106993,57.96263474600592,2425.4838122704023
2.4778532642594926,58.89180538083319,2363.219417699693
2.7728249921410395,52.244071418357336,2225.776145599277
1.7804297278542578,50.90900558288846,2217.984814161298
2.3688907710071714,54.98312771294524,2183.1052651570535
2.0048072292634522,54.14907688737536,2173.7454007022093
2.0538623848705915,52.733859753363625,2164.056784338789
2.0222818227283392,58.481937237283574,2661.205913867293
1.9408027690960554,59.77652604285255,2528.878063566321
2.2145564883834483,55.442034431459234,2141.5497787508652
1.9507149650766888,62.38765040527631,2322.8999676696662
2.2811370477339517,49.29155442933248,2191.847137598406
2.184928567165259,54.03170270360141,2307.6212487350363
2.128315585940077,51.41588839698598,2263.9588135804443
1.9277309013875208,45.667316914634696,2098.6911237291956
2.0269686008295005,54.586596570786504,2275.141215291015
2.4266173677477267,54.39126245808358,2256.620596415448
2.3502751562873145,62.567248716210656,2407.3930015104493
1.906733426560435,58.154058422773886,2155.1411171966593
2.229799691628768,49.87906587835398,2140.131400765245
2.425416137011537,64.27046283167094,2336.456192655657
1.6991784156635887,61.10516847762676,2484.747749093848
2.3630080577139805,57.910488517343076,2602.2844619501057
2.001212872316246,53.86757950575084,2313.9178258150105
2.371179600577948,50.2028038163826,2117.0261676237196
1.9710222530372452,53.138966119644735,2359.3061346350332
1.6585353698006444,60.443743098520926,2508.363345221243
1.7117372686350514,64.42293152967305,2573.7074893433874
2.214425483998415,62.71621764136094,2482.8455895490238
2.277916750516445,52.55575289106863,2415.08190172686
1.9287050124686775,49.401912833554945,2085.6436612682055
2.391577737633212,55.70443123455602,2302.715171727284
1.7015439813193123,46.157803172185744,2075.286353247664
2.180176060405805,56.615838570923906,2360.8416269918325
1.8366951400712632,54.261987068506656,2217.866819210834
2.0044491676593523,52.66981749065879,2210.992293303764
2.2142196013949245,47.026484663666025,2078.887761640291
1.9418759904148144,57.568000532848586,2457.6602840292207
2.0846333367310526,52.33649580169045,2325.8803599183925
2.5018878427643325,49.15041582144856,1983.153402369683
2.0269324391430557,40.63868893359175,2014.2273239003616
2.4507076336195426,54.86242547474682,2158.6843789770874
1.8610879436027148,63.86125798334872,2372.2114770590338
2.358941253374585,63.30629607273935,2390.5830284061626
2.6324705861973703,52.71451871706864,2128.5715075661847
1.4585066499618136,51.988939698191096,2563.6744451041022
1.960931423358857,57.34387128037512,2396.033694639743
2.373121638154162,50.00807280405854,2006.431460282623
2.1390863841871024,56.50895949909733,2252.838831936787
2.311343762011393,58.83040139192345,2432.0447930797
2.018804443985254,61.13466611942154,2628.716933077635
2.22597693624187,54.499229617600236,2097.4897206919286
2.153296829382376,53.98163124911517,2068.6456620610425
2.5503346184979425,50.6100870662172,2316.7480660868305
2.2763262529903643,50.865598229800696,2214.8244443845497
2.3012807986225607,53.86760554049236,2145.3307178288264
2.07643691016326,56.83682753408089,2378.7339227693724
2.0537181327782523,59.567923131166246,2119.7259688048994
2.070232543654114,50.984105246598276,2209.484774043565
2.3183356427134894,62.46344284479761,2434.3006277732375
2.073704655753921,53.64438199478715,2354.258955486438
2.2869324570689242,54.89316352825782,2153.433806775564
2.8226202395936317,51.263941604260886,2110.454512286509
2.4613374110295076,42.87879869863529,1895.832899712321
2.102192940349648,59.42022698180525,2398.6139741510897
2.5603641766491836,58.684219485462165,2200.0951309755633
2.077577388093535,53.593362214408934,2219.4205521581266
1.588562639446644,55.33495358612436,2268.8331363264674
1.8975741067247789,57.5796960885205,2432.0714299440588
1.6387624236922433,47.18727071556729,2283.7761624231757
2.0945459547876077,52.35473661326853,2209.4507820514877
2.2055255137568657,58.971323398109135,2352.4214403946557
2.702931193682585,48.72855288415376,1924.2722371673328
2.298078212129249,56.46778966083315,2254.676396596597
2.134269841357341,48.21709097688297,2139.1808816298835
2.448821674355047,57.33214991216763,2541.399056193093
1.5366594072976345,54.82179258851258,2254.74023809819
2.27068436743257,46.92434092047245,2244.301887169807
2.43125955816609,60.82369677228586,2451.470879067384
1.7564241262660478,51.32704211600976,2291.140863829302
2.543126212962079,50.948737814928094,2313.367872773764
2.3015489222483243,56.00284598615472,2312.035128646532
2.0754136258297597,60.743186747143575,2442.467610635201
2.3898345598318858,49.92089090510802,2134.630568825623
2.8812078573413187,55.308399249239855,2296.343694625462
2.2545598765175487,57.14408250165287,2414.344591936514
2.274466175890101,58.46552803631572,2265.5729055931774
2.062191730137927,55.882207776386124,2176.390676547157
1.9450466891605627,53.16486080458339,2251.2421489780177
2.449100744963274,50.8620488967564,2069.872009750872
1.94317485222734,55.43071941523188,2310.7857030090013
2.221469871165818,49.639304940071966,2283.30943159498
2.0567027659704653,40.39324758252697,1953.6293712462905
2.3436939477239176,57.18279902078834,2287.819550126022
2.3000986315860845,59.519674205430974,2351.180962851546
2.51126198327737,43.185337822290805,2071.860547174739
2.046995080343576,49.95134647645031,1967.2887340790094
2.1190375194119886,58.09577130502599,2283.3897687121917
1.906370885265308,65.2874773485585,2540.9222834093207
2.0667120219771666,55.10396853837704,2412.0804631136516
2.313190147913456,51.35998529385433,2131.030938939448
2.4270965849936057,54.0855177944758,2029.9905975362876
1.9233504027467125,61.87438209574093,2510.9562260994253
2.460881776031698,51.77017910437732,2102.735076800229
2.6066913576414854,51.004039966748735,2010.1104297797156
2.3240304709671102,52.58628238908984,2140.686538165408
2.76303874376742,50.23335695870644,2071.758791843431
1.9678632402689282,55.61335157997398,2256.6130791053192
1.826603589006575,63.1233922923478,2267.920701786063
1.6663839253287165,56.615396365580146,2472.0569582010085
2.648813293446755,53.73823248936856,2304.93015989823
2.3963096969062176,53.54094365542228,2276.5246177064632
2.1833245987268635,47.18404595651671,2002.4136622788228
2.2839905878959463,59.415548885735795,2325.563236135572
1.8623532858104872,54.61081401493599,2312.211155904201
2.933725593885048,54.097600432046875,2201.7726085143713
2.2387663545925682,70.96553783922431,2650.329852467409
2.232818438381468,56.49376454182843,2221.535145201499
2.417729987169608,51.24104474952408,2170.3609525563966
2.344302769521014,52.86821201897229,2251.4468654128177
2.2671652072837394,60.74222854598378,2520.3520220417913
1.9628576633664065,55.56635205268882,2387.3490455312876
2.341440507140799,47.80861010841316,2183.8617948346955
2.7646073489425103,59.596144672876015,2285.6144539090797
2.6036260138464935,51.65927957230503,2283.687603889477
2.6779559879918193,64.36648888108773,2426.6126590189315
2.0466352970706447,60.40024032857324,2314.9007209935107
1.9031185539224258,52.76339052170624,2410.13702435828
2.1622639239701056,61.40508180867556,2473.552374831898
2.2167174736866087,55.339277552637014,2229.9735278869007
2.5282574555412847,59.263868375611096,2258.0894524411046
1.6922606110855543,57.42366408647237,2424.2917445806906
2.658865095838184,50.76821672504563,2162.8530496519434
2.1525976304263033,51.78225083841269,2232.4845987674294
2.071935679015774,60.14980408790581,2423.3365972500383
1.8963686874219499,53.326123339467294,2452.0629011336914
1.7035429984402695,52.981757683790015,2411.258019133248
2.4469511751885746,50.224387103253235,2156.5086249132805
2.2219953901565215,57.11799532796731,2403.1916561126163
1.813011730077684,65.31262459621573,2431.048342059908
1.8114763683809154,49.66233542872864,2261.317958312117
2.099264590212962,55.12109728336379,2468.462892108643
2.700706457586818,62.061102777077146,2314.311497364283
2.122122594590919,54.60179304377142,2188.9540788248823
1.7490571140645683,57.26185898124867,2317.669723655982
2.126277080774217,49.688032359265605,2065.855781334941
2.118182929075699,57.141535486038244,2246.62707954664
1.3909340071175287,54.06427867497726,2335.5946625729125
2.1837115400446567,59.928649978399314,2230.4595666434234
2.130719640937397,60.936930257823754,2400.6924924108257
2.408861909444026,67.94781821009308,2587.8547951639225
2.754686828483604,57.89816586606788,2153.9846750341253
2.5379695088643275,56.62898158291083,2403.812597692744
2.119333392833551,55.97192150788668,2352.617630085461
1.868042227377499,53.23416853594656,2387.535095174712
2.972007940974958,56.692419217308455,2122.263737814712
2.2177655302043466,53.52299294930485,2323.2475521621063
2.204178787573884,55.84230488134807,2177.025889451348
2.192762473866999,61.587987678039795,2491.8701325643965
2.2594254282303567,49.9672871736018,2177.6158632168354
2.1566918764228173,60.699392805645225,2445.80919664796
2.0279013979359295,61.58557533669933,2309.966836481112
2.0359423176278826,54.40965736504461,2193.2948154290493
2.190174018935201,44.390725504957025,2119.011229084199
2.0369725686598708,51.96089006452784,2138.8371155691566
1.986146265196851,61.484972732805545,2478.0981440864953
2.2319290683075694,54.88565968850559,2126.2100528779515
2.123506834773744,50.00348883852545,2266.361172821114
2.6511978965748066,52.476125393858915,2028.5904919141062
1.4047090574820966,59.20310013252276,2528.585637796093
2.5274520555767386,57.7336678410069,2338.1186418482275
2.573825557749289,53.805339504151526,2120.3557745776793
1.5779829302775554,53.16587794092656,2384.8227759853708
2.0971937217758954,53.04120925478089,2272.289353162589
2.088567740201263,50.387949077507486,2140.589634900686
1.777746491584654,63.07687844734721,2394.0201268016253
1.9666549937227376,53.3883976539433,2076.5071348531974
1.8668272463602515,61.085792604127484,2476.6567698584813
2.725681133027087,62.60658025961226,2186.7991581019764
2.4807035179442387,59.9915544907398,2337.259982067291
2.5814665284982476,52.84189843640976,2143.2731678452333
2.416501619212971,57.018650451683044,2345.8120436955346
1.8612844686348313,54.87902196804542,2288.1832191166977
2.042643920116068,50.48149069634936,2170.2884472748683
2.3468123683683757,56.62179640860801,2353.601143345733
1.8333616573324165,49.10480104420099,2240.597575192569
2.4138995290517165,60.93839694230782,2388.2986052066767
2.12790238055256,52.67691351350803,2281.2796721681298
2.087553757735121,56.0057982793642,2153.425689606305
2.413287990461048,56.41643935773071,2342.014456584155
2.3332789934458122,53.705475131479616,2285.3645330140807
2.091710150254276,57.933469007376374,2243.2445447517366
2.5477989410092747,52.62548171688738,2145.931745818936
1.875681001720031,59.35648648728622,2401.8468507249568
2.3847806820832793,48.27010159876626,2094.2352512226603
2.3779303773905154,55.63189789773206,2289.334398002917
2.107136068205803,64.69464499529143,2620.9591678580764
2.2978399066726354,49.99834337697213,2263.46755430583
1.8246659270844092,51.61127514737574,2127.3036945417125
2.4772081057620703,57.569539248294575,2342.016568132186
2.1445293590671035,55.89790890969799,2429.172106287435
2.0431830938442883,56.753150496367795,2367.2663979196327
2.514702767751067,57.44593565073832,2380.8113403707034
1.9886968928371724,58.17360734280885,2566.3946575006776
1.7774616110909323,60.54849920978111,2546.72169714268
1.733011247942829,57.04909328464257,2405.9610380656
2.381802985403692,53.79371172690729,2323.1126341360678
1.8158711942511152,58.362868506013655,2409.365474292295
2.7264382545953096,64.49940967447608,2383.4127596287203
1.5754211776348837,54.33683126808713,2315.282025145137
2.7089369104870116,50.12735347664679,2252.547868843095
2.263305240160786,60.53540334643486,2289.369414310379
2.1709860664388825,54.39809418023201,2415.5507461066195
2.036524273957315,44.13665226992982,2127.2408166790365
2.3197408343056214,59.23710838575211,2196.850425089005
2.1887095892725457,52.32335907023039,2254.9256723128683
2.5309905646049566,54.5473335884792,2001.2954363136782
2.234268294598612,56.65990165284507,2360.608590550213
2.2450905284385634,55.95249839889533,2370.8095370110213
2.0909163363358436,58.547259085695195,2298.072135698322
2.18291631288368,52.82256814715078,2241.3686856060217
2.292340530667618,57.565528990880416,2502.8752435924944
1.6869494822030124,53.702266612080415,2270.428239484963
1.7955443733682863,58.694052404437514,2298.6586333778473
2.4229792282068146,58.07683742006527,2446.2562044165434
2.2512596314383826,50.32280648977702,2365.0259041328627
2.1448049990941964,60.42991058087516,2387.2470289381586
2.2055301799196183,52.32018277442976,2316.720432041488
2.3042745116085013,59.040288991405724,2469.3121946399274
2.0380720959071916,56.8364365670067,2256.7694937002166
1.9665085823793065,64.19091838397561,2440.3114967858296
2.2587535765293048,53.88267008814074,2361.9278165988926
1.9064881667154907,53.25341601940901,2447.5965232517074
2.3224758267143417,54.90290197056134,2305.974751421511
1.689224918728648,53.48410108582862,2228.3168485570695
2.5087466911976932,58.99970950971025,2502.388297684495
2.341779244723913,46.91844695781706,2034.004962666558
2.276808920294163,49.73158790426823,2119.596641924095
2.494807295183654,49.66098539210404,2153.232397013495
2.6996423333387733,59.751537959867875,2445.500451268019
2.5043110195054394,63.553066862909624,2480.812281987599
1.6477377306005065,54.47775390731264,2383.8809685923675
1.8161269099792898,54.155891384049944,2357.027644195916
2.0125544266912967,55.35026081556591,2309.47351917197
2.20782731506325,60.80939151304095,2440.8276844531824
2.355297706140737,50.36323432904713,1901.0140228904022
1.9822768560539605,56.191844913673926,2296.834623958405
2.2560300293431235,59.87598814891215,2383.247452068453
1.9733851202940034,57.50547084969923,2239.000240587933
2.016544659102416,55.94790808299372,2355.108794575668
1.7780016709455335,60.005230462835705,2412.9572365162717
1.923030026166729,41.48383853500381,2216.769836606616
1.7944946183151,58.38937659765454,2555.9153117273117
1.9072380241068003,51.72962158436288,2201.9261711594218
2.516092538982352,45.846835515717714,2024.4390583103316
1.9151803333504174,57.556012997624904,2356.4484533890964
2.9897146194512176,61.86829272581479,2243.742713982651
2.347995370264267,54.31275742686154,2253.558341400403
2.2554508371084623,59.76437273601469,2281.1416222652656
1.942492665945636,63.06139128994323,2356.792392413267
2.4100929638226978,61.57457226792024,2432.2486231750268
2.027308652128668,63.199822646856965,2522.85311354002
2.2366029443936086,58.71063745535946,2258.2907314821487
2.9680253614806387,55.377168194507966,2251.875102744324
2.1711820300826052,46.99017094051416,2050.968341381359
2.544781997885703,53.76968755935026,2218.992975307948
1.989047072462234,50.78376702341904,2299.3526808602915
2.1895034528509116,65.85471358748907,2485.3074973517737
2.731240190690653,54.120570937838316,2218.199481367282
2.01190988266367,55.61602403392243,2258.891033890141
2.7437345673990787,57.75742688020234,2223.9416941513755
2.412325580636643,55.21801223186227,2221.9254644537145
2.03125996723172,63.47525520215376,2390.158274304293
2.3897223217166563,51.88675319132774,2161.599299257478
2.4917663348880192,55.97303727618621,2090.8339654041465
2.386542988665159,51.28764707150976,2118.656118416211
1.7289325840328633,48.399887443896475,2180.1703119360327
1.9818588472525396,51.94115454547357,2215.9262885720523
2.1257444093345486,54.81481601475794,2253.284914307899
2.177669971269986,52.8534888774137,2224.242861871763
2.3862016292652037,51.53789510063072,2220.7718094314405
2.2533103002799764,47.96841268164083,2208.8234160040724
1.7993966923869698,54.584472136856526,2256.8034161942587
2.314059355301789,47.47639812984499,1982.098973762717
2.383175723585147,58.80027981844801,2214.3247966068775
2.367937134379312,55.41219876467252,2204.3331130170614
2.5242342176663866,47.712242502675345,2040.417585621898
2.4501766463646715,53.453954614750685,2124.552988720567
2.337754023768531,51.239217972047086,2044.5095894506726
2.178950286562406,56.595872552095905,2259.462825310138
1.7017117199452028,61.702252230115725,2496.930948621931
2.3288854657397757,45.62413765177128,2122.6528797580154
2.2623063061489335,55.575130395737084,2216.4143566815696
2.281473651158612,54.1993360221668,2200.4658905552005
1.8169754272539074,58.35670038225233,2301.917862672229
1.8756830378775216,56.06598314118845,2336.8232901046636
2.5159458559998713,51.240153341305906,2062.568325007056
2.1881334538430037,53.40473032166691,2297.1873696810076
2.4044502092117876,51.019870715982556,1981.1432337444717
2.2084955128391384,60.38003569299299,2340.363419688743
2.2089268418487236,55.106558243359714,2300.90287250906
2.4814851417927994,64.50595342876504,2436.279748938631
2.045186581534788,54.69669593092689,2556.4592977863695
2.228836233082295,51.45796616544769,2229.8138908034
2.0613174133884873,47.43142803693586,2039.025489046243
2.0696511317703057,45.98430161872027,2099.6919378999523
2.1072483629594085,47.07932028497255,1947.8745179088946
2.266640131490114,56.33563325505742,2278.656670447955
2.056375413500957,57.54362511614967,2259.110584597774
2.5767268376720565,47.094046489839336,2146.9109317019947
1.931617809334149,59.475191570380574,2344.807132547936
2.1439385067515926,52.5846947415828,2218.4265272393927
2.068080682517748,55.73396505992775,2240.9114146804523
2.63409336530612,63.06110314127712,2539.993193214958
2.2589664329534727,59.48419657932766,2318.714690031741
2.5095533618405907,53.65734676047084,2379.9696352812484
1.7543318880889087,50.544038872923565,2329.1461704569615
2.280115079760778,44.24092299335348,2091.0078706364916
2.466889238687031,51.4042334037879,2194.9245970044553
2.2246851967826275,53.94434880586153,2284.563926421462
2.5196441125196056,50.06410236424408,1930.5681724723797
2.0448134649698884,54.34371516453847,2252.263944130211
2.622804232055674,55.38425941479384,2298.7803506059577
2.889669437085775,53.875720090959604,2139.174267908915
2.0911484318681026,51.7499870958827,2080.8084924570817
2.0663492435797686,55.84327335983364,2301.672635601961
2.6360153431353104,57.209703247847045,2419.2023151121934
2.673871643719214,49.54800461278577,2214.568517251306
2.0431419918540197,62.054661898731354,2428.421538259921
2.073943954871243,54.50705933857869,2374.194521246696
2.115464617341848,55.09424811472424,2247.914567656402
1.796664846689717,58.541072116282784,2230.934556639527
1.9244044160547407,56.16608065631751,2242.214351905184
1.8987577699743798,59.76568316956622,2566.788874745987
1.9696607304687617,56.43562082600912,2305.8639987669376
2.189594533783966,51.93781312679781,2185.9786845308595
2.2702644197609563,56.80751762603051,2265.626869928978
2.665150147844223,49.28136896339669,2276.268516048601
1.900493787778363,55.542798528882614,2488.3777939471042
2.495296719542975,54.8338500467777,2444.260516348921
2.1358033467323474,53.9594157136373,2242.9132912228893
2.1851608871042703,54.357312442805345,2288.934564665176
2.4024458476499815,45.5907547725118,1899.7839633606598
1.8631833935313107,52.25637546129519,2413.3434428080345
2.314722923855215,55.46422450570557,2145.2980964090357
2.249935662463917,55.799281959987,2300.1728462064157
2.3477353792024447,49.861624295370206,2035.3419262637533
2.2867505931723455,61.328539204323505,2324.671512436749
2.9365900419732682,50.66912575892749,1989.1677657775897
2.0086780047246053,59.84728600263368,2334.8564932764007
2.040700913499455,57.13597180935842,2282.7020288473523
2.0130578420725707,51.768863450780984,2178.5917132122268
2.0333568642519237,63.87655446304756,2555.860950801193
2.0087838618080447,49.0318158412176,2068.832458246893
2.556704959332266,59.59577086805001,2330.463816162547
2.626151274396957,60.00291159021489,2427.9314558753103
2.0287761118751573,51.64689895461677,2177.3019258597224
1.9502933280687316,61.962326500321645,2374.9106417213634
2.3414246669159215,53.74976742700524,2200.7291859846914
2.034333086715709,56.44346814639928,2441.6919207567003
2.3898795453266533,56.3016091938561,2286.9610151734596
2.26087690625539,54.32845629264726,2194.316160453877
1.7452767655008306,59.05404136579891,2467.6769776096576
2.664251560399019,58.967443602761065,2169.4819230117264
2.738763301928657,46.257340133809095,2082.468258431178
2.0161633928546845,61.52170121439076,2468.8702461297894
2.083689532019205,46.68754005982163,2090.416524279664
2.2857596172174715,60.16273102170829,2276.5320980068223
2.300337036996108,60.633525684137915,2278.951865904997
2.3975632818018493,49.54516784892401,2184.7505983427936
2.803061361629905,52.945928560227074,2261.357417208962
2.1469158317517856,49.47147665757032,2103.661383685759
1.960510826638464,53.92539484855632,2330.269943330505
1.786204231595642,53.45982857907129,2092.5632349818725
1.9807209880174246,58.8983026613467,2322.3961319586
2.190061908137861,61.55154373059804,2399.4156951041914
2.7383673590553363,61.97841905394978,2237.8449355225116
2.0447166102891488,52.189159867108486,2143.425068319838
2.2671363854916695,53.95389063127736,2172.229399154908
2.1950731311781744,46.58280903889525,2131.614483933816
2.5565179820344253,50.970649667519055,2117.2023942045794
2.9580797277620867,59.82425816548729,2028.9500808129355
2.040739368123904,63.07791411774116,2243.3773618727305
2.0531681672445337,48.82825564060039,2107.9033699396105
2.5132482631207216,52.03767870423553,2209.5349932219574
2.4045674468878935,54.867971215205365,1961.9238229983998
2.7540121977208103,56.400805794098034,2164.941268608676
2.3751784555977893,50.95198240039177,2110.138094016425
2.0922123727638824,57.12030522232045,2467.408026352671
2.377196449207693,52.63080326464542,2157.5344167404683
2.5326110741748726,54.927738645608606,2256.9620102600343
2.4461446543592094,57.7314212400185,2301.8324406552347
2.3521822093321894,55.03211134905469,2034.7582476005452
2.5200024068767464,52.81807054736716,2255.1817715790044
2.550788677133702,54.451950980370846,2227.96036858299
2.6146476973112582,54.55818520397332,2249.7934134502366
2.394612966276893,53.149944850589364,2596.430722713886
2.1498645759049437,53.70601968666449,2043.2294133976895
2.244014105929997,62.99323585252358,2595.732266137083
2.5619526899525074,57.8045972397062,2243.0542893612123
1.9549192987038293,53.5225984098542,2305.9469638318105
2.3106019926618706,58.48477202255368,2318.5539170216684
2.081998356301792,53.33090255121995,2211.8946642393257
2.2086234468804453,60.86562318793321,2329.0356539027216
2.5835355587821898,56.84821096099047,2282.3847589597817
2.2573297204059712,54.46348927997886,2098.9529578715133
2.213930964446845,57.23858462905139,2387.7399646661775
1.7920431577060243,47.145619239657506,2132.486470648721
2.4238760698081663,49.36616265545097,2010.7349087337586
2.393645254342323,49.03037496800472,2076.5594254091643
2.848976416991638,55.714715473818536,2312.662768613882
2.1076665295140997,63.66257499742546,2403.568011819772
2.265745098299182,66.15650073096316,2519.113611695348
2.274815105113227,58.19025550720379,2249.4872168055444
2.6732359839290423,57.50422237472228,2324.8912348974513
2.1714113402839144,45.9947113292363,2162.7332994211592
2.283706457731102,52.286631001329894,2388.037534696574
2.382368952914962,51.061081240458805,2146.3098873220106
2.2559827369469074,51.89576200874442,2266.383310108643
2.066069915634842,54.15928090707605,2283.081884750189
2.2582269978694924,52.63954711151436,2343.644070736165
2.5220895249579316,45.10350094812106,1951.8733514578585
1.8920454101766822,58.73955128058767,2465.484745372979
2.239890902244063,49.636284871300965,2137.2723324777417
1.9899637555182483,56.196234320555746,2319.0113053725277
2.558513988677453,65.37041334874986,2432.806417118217
1.7430439285648678,50.403077042067885,2271.828991199295
2.0323234458185238,42.348562386268355,2030.4998265403926
2.3131635625193563,53.569978890599444,2245.8963617511376
2.6696572087703023,60.50479817499286,2467.4591879405302
2.180274921678104,64.79173727110297,2567.3384757318654
2.0334401419920405,48.85225202773792,2258.9444785056417
2.764347120832177,57.48349611618261,2189.463901596438
1.765595829875127,52.67344771609973,2199.705497017893
1.5403582130139757,54.470258228479324,2453.8814884412654
2.332004335016,68.22171673508518,2602.2383637022836
2.049383732694217,47.48514835802423,2289.5624748314503
1.8936301548607863,56.26869830747287,2280.9313803234163
2.412506934189806,57.33846585882716,2261.938411512038
2.27314021413136,60.42893162469674,2203.6591841216873
2.030776410778982,55.489915767354475,2265.934743124155
1.8159086803987319,56.540252697520515,2458.075802948545
2.4617371984840437,53.041757162891045,2144.9250255623947
2.3950603533875983,56.34563470622554,2331.7016206364533
2.1702472408661855,53.284038622512945,2221.09337572055
2.7539910988143,58.107859449280255,2281.464226985616
1.8789745701021543,53.15194831978183,2166.4236418987466
1.7423424487225785,56.88550196951093,2384.8796170452224
1.992427579035627,54.85368593157511,1999.0959846860856
2.1863241950933507,60.63025125386084,2365.9667799970157
2.2730018347968075,54.743031382057566,2090.8630280501156
2.1276291826431013,46.134837658965594,2224.151827437528
2.3056166189542893,61.30960750356996,2458.090392504707
1.824538172742867,50.47133849568691,2282.413142198916
2.633129381221978,51.731168306755904,2291.7545816677593
2.1753546464822295,52.02169352978254,2119.2390215408327
2.5351887494764385,61.87219046585409,2531.901816687172
2.3028176039133115,44.32162893010652,2134.229094441172
2.337025965746135,70.68874266829997,2539.5654297821843
2.3709301840696613,60.28028404533026,2463.528168014451
2.3343125680051946,56.116194570645796,2161.5476549709733
2.3928168279602633,54.72552999691857,2153.1366595915647
2.59874575903973,56.427770374288286,2177.884571305836
2.258956350910441,57.60561214189669,2260.371019394966
2.412701127276554,58.22607792975028,2196.960625227497
2.173079291713832,57.778022330017244,2451.906859552803
2.632035164634842,55.44790340627625,2188.2673533933153
1.9970823093822192,54.01330789846337,2315.9543083976228
2.7402821298732447,54.24363358173244,2116.795215512294
2.1879526148066972,54.0254585982366,2070.2559496888753
1.7707674693645856,60.66885048433532,2474.767625121161
2.238431324473237,57.96778361140431,2132.365476015123
1.9956845027575358,40.2980568266786,1999.7450565113945
2.4521930646966172,58.279503882648804,2160.9296140652023
2.0042128062092828,55.97368097359387,2517.569298463566
2.066144970035566,54.90645621777051,2379.3436510675474
1.633137780716341,53.05740773455557,2326.7528667108086
2.0643081042252773,60.620563599930065,2529.1357241302767
1.472836202011313,59.73763231061429,2389.1956181640153
1.7248291529542832,51.135611660881956,2318.335798141506
2.4281243968432893,57.03526143562267,2296.467612557831
2.43574004759525,50.14171632729357,2163.875327539951
2.3276372685354896,48.101909176055344,2240.1279432514602
1.9099071570612363,51.86641387705018,2324.091414259798
2.1856865931574063,59.311967361913794,2387.2587245471673
2.1989192382728295,59.76562522688043,2199.9858751738548
1.8524905932422373,57.56542710048647,2277.4303234954477
2.651019490530145,58.625478934239986,2262.5857617457054
2.4632086871727017,57.58089143557479,2291.473763063256
2.133710747851101,51.79259202388524,2102.7748558326475
2.2080657516983595,57.159612723369705,2553.1500592704824
2.262514842384266,59.00204762613841,2492.3031316904858
1.587479539472713,58.77145664906787,2497.519034099699
2.125846785243821,60.94456685737322,2407.218005489266
1.9954047256006606,58.54151923600532,2350.298778889892
1.8995139970315256,56.757241037707914,2255.0258751972056
2.1156699121342135,60.350751191582134,2397.412588863397
2.7393059580548567,54.8673937037547,2212.227234381141
2.392252858380103,50.590626743861414,2028.7985485720503
2.028646303065161,54.18466518028118,2312.813999870339
2.371774834406848,51.27548677596776,2154.217605475853
